user_id,user_name,age,location
35084,Alexander,51,Kolkata
35143,Jennifer,34,Delhi
35310,Erin,60,Kolkata
35363,Jeremy,43,Kolkata
35413,Amanda,33,Hyderabad
35503,Joseph,43,Mumbai
35581,Rebecca,35,Bangalore
35588,Danielle,60,Hyderabad
35747,Daniel,47,Kolkata
35808,Ryan,22,Chennai
35913,Shawn,47,Coimbatore
35976,Stephanie,54,Bangalore
36024,Michele,35,Kolkata
36110,Nancy,22,Jaipur
36137,Chad,59,Jaipur
36194,Jose,31,Jaipur
36209,John,43,Jaipur
36257,Vincent,34,Mumbai
36287,Guy,40,Bangalore
36355,Elizabeth,39,Chennai
36374,Rita,33,Kolkata
36448,Monica,36,Mumbai
36455,Kenneth,46,Jaipur
36840,Danielle,37,Coimbatore
36894,Chelsea,59,Jaipur
37040,Jason,25,Hyderabad
37041,Eric,18,Jaipur
37045,David,29,Coimbatore
37143,Selena,34,Chennai
37152,Kathryn,37,Bangalore
37396,Amber,26,Hyderabad
37435,Kimberly,25,Bangalore
37486,Alyssa,53,Mumbai
37509,Ashley,24,Coimbatore
37595,Aaron,35,Hyderabad
37644,Mario,56,Delhi
37672,Thomas,45,Kolkata
37888,Andrew,39,Delhi
37931,Sarah,58,Hyderabad
38041,Kristen,38,Pune
38064,Lindsey,56,Jaipur
38081,Natasha,50,Ahmedabad
38263,Marie,34,Chennai
38291,James,25,Pune
96395,Kyle,23,Pune
96429,Collin,54,Delhi
96438,Brian,35,Chennai
96440,Natalie,18,Kolkata
96468,Ryan,34,Chennai
96491,Stacey,26,Hyderabad
96545,Christopher,28,Ahmedabad
96770,Todd,53,Pune
96852,Chad,53,Chennai
96984,Rodney,45,Chennai
97119,Kathleen,25,Bangalore
97130,Katie,27,Jaipur
97136,Stuart,51,Jaipur
97260,David,20,Kolkata
97413,Jessica,60,Delhi
97637,Emily,41,Pune
97673,Thomas,55,Jaipur
97675,Tracey,22,Kolkata
97679,Andrea,27,Pune
97937,Corey,57,Kolkata
97940,Richard,60,Bangalore
98149,Matthew,37,Jaipur
98237,Michelle,37,Pune
98331,John,38,Pune
98657,James,36,Jaipur
98733,Joseph,26,Chennai
98741,Monique,37,Kolkata
98745,Rodney,20,Kolkata
98746,Shane,26,Delhi
98763,Robert,44,Pune
98876,Jason,31,Delhi
98889,Joshua,29,Coimbatore
98918,Amber,60,Bangalore
99202,John,54,Hyderabad
99247,Sandra,43,Jaipur
99263,Scott,18,Hyderabad
99405,Michelle,36,Delhi
99511,Andrea,45,Coimbatore
99593,Brent,56,Kolkata
99665,Jessica,40,Jaipur
99703,Yvette,47,Ahmedabad
99706,Mary,46,Delhi
99809,James,44,Coimbatore
100022,Larry,27,Delhi
100516,Wanda,28,Mumbai
100758,Debra,44,Chennai
101167,Samuel,29,Kolkata
101200,Zachary,44,Delhi
101699,David,35,Mumbai
102195,Jeffrey,24,Pune
103720,Matthew,20,Ahmedabad
103802,Brianna,32,Delhi
105033,Jerry,47,Kolkata
107470,Jeffrey,37,Delhi
108797,Chad,32,Chennai
109218,Crystal,60,Delhi
